,code,area,year,births,1_year_survival_number,1_year_survival_rate,2_year_survival_number,2_year_survival_rate,3_year_survival_number,3_year_survival_rate,4_year_survival_number,4_year_survival_rate,5_year_survival_number,5_year_survival_rate
0,E09000001,City of London,2004,1175,1075,91.5,920,78.3,795,67.7,695,59.1,620,52.8
1,E09000002,Barking and Dagenham,2004,480,460,95.8,370,77.1,290,60.4,235,49,185,38.5
2,E09000003,Barnet,2004,2435,2285,93.8,1745,71.7,1385,56.9,1145,47,960,39.4
3,E09000004,Bexley,2004,940,885,94.1,735,78.2,565,60.1,475,50.5,415,44.1
4,E09000005,Brent,2004,1800,1670,92.8,1290,71.7,995,55.3,810,45,695,38.6
5,E09000006,Bromley,2004,1590,1510,95,1265,79.6,1015,63.8,855,53.8,745,46.9
6,E09000007,Camden,2004,2840,2690,94.7,2205,77.6,1810,63.7,1530,53.9,1350,47.5
7,E09000008,Croydon,2004,1630,1525,93.6,1240,76.1,1000,61.3,820,50.3,700,42.9
8,E09000009,Ealing,2004,2115,1990,94.1,1560,73.8,1210,57.2,980,46.3,820,38.8
9,E09000010,Enfield,2004,1400,1325,94.6,1080,77.1,855,61.1,700,50,600,42.9
10,E09000011,Greenwich,2004,975,925,94.9,750,76.9,590,60.5,470,48.2,390,40
11,E09000012,Hackney,2004,1445,1360,94.1,1100,76.1,875,60.6,740,51.2,640,44.3
12,E09000013,Hammersmith and Fulham,2004,1865,1740,93.3,1315,70.5,985,52.8,790,42.4,660,35.4
13,E09000014,Haringey,2004,1345,1260,93.7,985,73.2,780,58,660,49.1,550,40.9
14,E09000015,Harrow,2004,1370,1300,94.9,1045,76.3,845,61.7,705,51.5,595,43.4
15,E09000016,Havering,2004,1055,1000,94.8,840,79.6,660,62.6,555,52.6,460,43.6
16,E09000017,Hillingdon,2004,1215,1150,94.7,950,78.2,770,63.4,650,53.5,555,45.7
17,E09000018,Hounslow,2004,1310,1225,93.5,995,76,780,59.5,640,48.9,530,40.5
18,E09000019,Islington,2004,1870,1755,93.9,1405,75.1,1120,59.9,920,49.2,780,41.7
19,E09000020,Kensington and Chelsea,2004,1660,1560,94,1255,75.6,1030,62,860,51.8,750,45.2
20,E09000021,Kingston upon Thames,2004,880,835,94.9,680,77.3,555,63.1,455,51.7,380,43.2
21,E09000022,Lambeth,2004,1850,1745,94.3,1385,74.9,1080,58.4,870,47,725,39.2
22,E09000023,Lewisham,2004,1135,1070,94.3,880,77.5,660,58.1,545,48,465,41
23,E09000024,Merton,2004,1205,1135,94.2,900,74.7,685,56.8,550,45.6,470,39
24,E09000025,Newham,2004,965,905,93.8,685,71,525,54.4,420,43.5,360,37.3
25,E09000026,Redbridge,2004,1330,1250,94,980,73.7,770,57.9,625,47,520,39.1
26,E09000027,Richmond upon Thames,2004,1475,1410,95.6,1190,80.7,1015,68.8,860,58.3,730,49.5
27,E09000028,Southwark,2004,1945,1820,93.6,1475,75.8,1160,59.6,950,48.8,780,40.1
28,E09000029,Sutton,2004,855,805,94.2,675,78.9,550,64.3,455,53.2,380,44.4
29,E09000030,Tower Hamlets,2004,1855,1760,94.9,1425,76.8,1125,60.6,930,50.1,770,41.5
30,E09000031,Waltham Forest,2004,1130,1050,92.9,830,73.5,635,56.2,520,46,420,37.2
31,E09000032,Wandsworth,2004,2630,2455,93.3,1895,72.1,1455,55.3,1155,43.9,960,36.5
32,E09000033,Westminster,2004,5850,5450,93.2,4410,75.4,3600,61.5,2985,51,2530,43.2
51,E09000001,City of London,2005,1305,1225,93.9,1060,81.2,850,65.1,640,49,565,43.3
52,E09000002,Barking and Dagenham,2005,500,475,95,385,77,285,57,225,45,170,33.9
53,E09000003,Barnet,2005,2425,2310,95.3,1885,77.7,1475,60.8,1240,51.1,1030,42.4
54,E09000004,Bexley,2005,900,855,95,705,78.3,580,64.4,490,54.4,410,45.4
55,E09000005,Brent,2005,1740,1630,93.7,1315,75.6,1045,60.1,880,50.6,695,40
56,E09000006,Bromley,2005,1500,1425,95,1190,79.3,965,64.3,795,53,635,42.4
57,E09000007,Camden,2005,2570,2420,94.2,1990,77.4,1625,63.2,1345,52.3,1110,43.1
58,E09000008,Croydon,2005,1525,1440,94.4,1180,77.4,915,60,760,49.8,640,42.1
59,E09000009,Ealing,2005,1885,1810,96,1455,77.2,1120,59.4,895,47.5,705,37.3
60,E09000010,Enfield,2005,1380,1325,96,1105,80.1,880,63.8,750,54.3,540,39
61,E09000011,Greenwich,2005,1000,955,95.5,795,79.5,625,62.5,505,50.5,405,40.6
62,E09000012,Hackney,2005,1360,1285,94.5,1080,79.4,855,62.9,695,51.1,575,42.5
63,E09000013,Hammersmith and Fulham,2005,1745,1635,93.7,1285,73.6,980,56.2,775,44.4,605,34.7
64,E09000014,Haringey,2005,1285,1215,94.6,940,73.2,735,57.2,605,47.1,490,38.1
65,E09000015,Harrow,2005,1325,1260,95.1,1060,80,840,63.4,690,52.1,545,41.3
66,E09000016,Havering,2005,895,855,95.5,725,81,585,65.4,495,55.3,395,43.9
67,E09000017,Hillingdon,2005,1105,1035,93.7,865,78.3,705,63.8,580,52.5,465,41.9
68,E09000018,Hounslow,2005,1325,1260,95.1,1055,79.6,795,60,660,49.8,540,40.9
69,E09000019,Islington,2005,1890,1795,95,1500,79.4,1220,64.6,1005,53.2,745,39.5
70,E09000020,Kensington and Chelsea,2005,1490,1395,93.6,1180,79.2,960,64.4,785,52.7,640,42.8
71,E09000021,Kingston upon Thames,2005,865,830,96,715,82.7,560,64.7,465,53.8,365,41.9
72,E09000022,Lambeth,2005,1580,1495,94.6,1205,76.3,950,60.1,780,49.4,615,39
73,E09000023,Lewisham,2005,1070,1005,93.9,815,76.2,630,58.9,505,47.2,405,37.8
74,E09000024,Merton,2005,1200,1140,95,910,75.8,700,58.3,560,46.7,440,36.7
75,E09000025,Newham,2005,1950,1895,97.2,1720,88.2,1000,51.3,420,21.5,325,16.6
76,E09000026,Redbridge,2005,1225,1145,93.5,925,75.5,710,58,595,48.6,460,37.7
77,E09000027,Richmond upon Thames,2005,1345,1280,95.2,1115,82.9,910,67.7,765,56.9,615,45.9
78,E09000028,Southwark,2005,1760,1675,95.2,1415,80.4,1115,63.4,925,52.6,735,41.8
79,E09000029,Sutton,2005,795,750,94.3,650,81.8,535,67.3,460,57.9,375,46.9
80,E09000030,Tower Hamlets,2005,1705,1610,94.4,1335,78.3,1050,61.6,845,49.6,610,35.8
81,E09000031,Waltham Forest,2005,1110,1035,93.2,825,74.3,635,57.2,510,45.9,395,35.6
82,E09000032,Wandsworth,2005,2230,2095,93.9,1675,75.1,1275,57.2,1035,46.4,830,37.3
83,E09000033,Westminster,2005,5300,4990,94.2,4090,77.2,3295,62.2,2745,51.8,2285,43.1
102,E09000001,City of London,2006,1225,1170,95.5,1005,82,860,70.2,700,57.1,615,50.2
103,E09000002,Barking and Dagenham,2006,485,465,95.9,390,80.4,305,62.9,230,47.5,190,39.2
104,E09000003,Barnet,2006,2150,2050,95.3,1650,76.7,1340,62.3,1090,50.6,905,42.1
105,E09000004,Bexley,2006,895,870,97.2,745,83.2,620,69.3,490,54.9,410,45.8
106,E09000005,Brent,2006,1565,1495,95.5,1205,77,935,59.7,720,46.1,595,38
107,E09000006,Bromley,2006,1515,1445,95.4,1240,81.8,1030,68,815,53.7,680,44.9
108,E09000007,Camden,2006,2485,2385,96,1950,78.5,1570,63.2,1245,50.1,1060,42.7
109,E09000008,Croydon,2006,1580,1490,94.3,1185,75,955,60.4,750,47.3,610,38.6
110,E09000009,Ealing,2006,1775,1710,96.3,1400,78.9,1110,62.5,855,48.1,725,40.8
111,E09000010,Enfield,2006,1385,1320,95.3,1085,78.3,895,64.6,660,47.8,550,39.7
112,E09000011,Greenwich,2006,940,885,94.1,740,78.7,580,61.7,445,47.6,375,39.9
113,E09000012,Hackney,2006,1330,1270,95.5,1045,78.6,860,64.7,670,50.5,575,43.2
114,E09000013,Hammersmith and Fulham,2006,1470,1400,95.2,1115,75.9,895,60.9,690,46.8,545,37.1
115,E09000014,Haringey,2006,1130,1080,95.6,870,77,690,61.1,550,48.4,470,41.6
116,E09000015,Harrow,2006,1200,1165,97.1,965,80.4,785,65.4,620,51.6,540,45
117,E09000016,Havering,2006,885,850,96,720,81.4,610,68.9,475,53.8,390,44.1
118,E09000017,Hillingdon,2006,1165,1125,96.6,930,79.8,745,63.9,585,50.4,490,42.1
119,E09000018,Hounslow,2006,1175,1120,95.3,945,80.4,760,64.7,605,51.4,480,40.9
120,E09000019,Islington,2006,1640,1580,96.3,1290,78.7,1080,65.9,870,53.2,735,44.8
121,E09000020,Kensington and Chelsea,2006,1445,1405,97.2,1175,81.3,970,67.1,790,54.9,655,45.3
122,E09000021,Kingston upon Thames,2006,850,830,97.6,695,81.8,555,65.3,460,54.1,390,45.9
123,E09000022,Lambeth,2006,1520,1465,96.4,1180,77.6,945,62.2,715,47.1,595,39.1
124,E09000023,Lewisham,2006,1065,1025,96.2,840,78.9,685,64.3,530,49.8,440,41.3
125,E09000024,Merton,2006,1240,1175,94.8,950,76.6,760,61.3,580,46.8,490,39.5
126,E09000025,Newham,2006,900,870,96.7,680,75.6,515,57.2,390,43.5,315,35
127,E09000026,Redbridge,2006,1310,1250,95.4,975,74.4,755,57.6,560,42.8,450,34.4
128,E09000027,Richmond upon Thames,2006,1280,1240,96.9,1040,81.3,840,65.6,675,52.7,580,45.3
129,E09000028,Southwark,2006,1775,1710,96.3,1410,79.4,1115,62.8,855,48.1,720,40.6
130,E09000029,Sutton,2006,810,785,96.9,665,82.1,550,67.9,450,55.6,395,48.8
131,E09000030,Tower Hamlets,2006,1585,1530,96.5,1250,78.9,1000,63.1,785,49.3,650,41
132,E09000031,Waltham Forest,2006,1155,1110,96.1,895,77.5,710,61.5,485,41.8,385,33.3
133,E09000032,Wandsworth,2006,1995,1915,96,1570,78.7,1255,62.9,965,48.4,805,40.4
134,E09000033,Westminster,2006,4965,4760,95.9,3930,79.2,3240,65.3,2580,51.9,2220,44.7
153,E09000001,City of London,2007,1305,1260,96.6,1080,82.8,860,66,730,55.9,650,49.8
154,E09000002,Barking and Dagenham,2007,510,505,99,405,79.4,290,56.5,225,44.1,195,38.2
155,E09000003,Barnet,2007,2305,2300,99.8,1890,82,1380,59.7,1135,49.2,980,42.5
156,E09000004,Bexley,2007,870,835,96,690,79.3,535,61.6,430,49.4,375,43.1
157,E09000005,Brent,2007,1750,1660,94.9,1330,76,970,55.5,825,47.1,695,39.7
158,E09000006,Bromley,2007,1750,1655,94.6,1445,82.6,1075,61.4,885,50.6,765,43.7
159,E09000007,Camden,2007,2745,2705,98.5,2265,82.5,1730,62.9,1395,50.8,1190,43.4
160,E09000008,Croydon,2007,1595,1515,95,1280,80.3,965,60.5,780,48.9,660,41.4
161,E09000009,Ealing,2007,2035,1835,90.2,1530,75.2,1125,55.4,920,45.2,785,38.6
162,E09000010,Enfield,2007,1285,1235,96.1,1000,77.8,755,58.7,630,49,535,41.6
163,E09000011,Greenwich,2007,995,930,93.5,775,77.9,580,58.1,465,46.7,395,39.7
164,E09000012,Hackney,2007,1520,1455,95.7,1235,81.3,940,61.9,775,51,700,46.1
165,E09000013,Hammersmith and Fulham,2007,1785,1655,92.7,1350,75.6,975,54.7,790,44.3,680,38.1
166,E09000014,Haringey,2007,1270,1235,97.2,1020,80.3,785,61.9,655,51.6,570,44.9
167,E09000015,Harrow,2007,1310,1310,100,1105,84.4,855,65.2,715,54.6,605,46.2
168,E09000016,Havering,2007,990,940,94.9,780,78.8,590,59.5,490,49.5,405,40.9
169,E09000017,Hillingdon,2007,1220,1190,97.5,1010,82.8,770,63.2,640,52.5,575,47.1
170,E09000018,Hounslow,2007,1360,1300,95.6,1100,80.9,805,59.2,655,48.2,575,42.3
171,E09000019,Islington,2007,1800,1735,96.4,1450,80.6,1135,62.9,925,51.4,810,45
172,E09000020,Kensington and Chelsea,2007,1585,1465,92.4,1240,78.2,945,59.7,785,49.5,670,42.3
173,E09000021,Kingston upon Thames,2007,1025,1000,97.6,875,85.4,665,65,530,51.7,465,45.4
174,E09000022,Lambeth,2007,1930,1805,93.5,1525,79,1115,57.8,900,46.6,765,39.6
175,E09000023,Lewisham,2007,1230,1145,93.1,980,79.7,715,58.3,590,48,505,41.1
176,E09000024,Merton,2007,1330,1265,95.1,1045,78.6,815,61.4,650,48.9,560,42.1
177,E09000025,Newham,2007,940,870,92.6,690,73.4,505,53.8,405,43.1,340,36.2
178,E09000026,Redbridge,2007,1350,1315,97.4,1070,79.3,780,57.9,645,47.8,555,41.1
179,E09000027,Richmond upon Thames,2007,1560,1485,95.2,1275,81.7,1005,64.5,840,53.8,725,46.5
180,E09000028,Southwark,2007,1960,1825,93.1,1525,77.8,1150,58.6,930,47.4,770,39.3
181,E09000029,Sutton,2007,870,850,97.7,715,82.2,560,64.4,465,53.4,405,46.6
182,E09000030,Tower Hamlets,2007,1695,1575,92.9,1295,76.4,970,57.2,785,46.3,670,39.5
183,E09000031,Waltham Forest,2007,1020,970,95.1,775,76,575,56.4,465,45.6,390,38.2
184,E09000032,Wandsworth,2007,2550,2430,95.3,2005,78.6,1445,56.5,1115,43.7,910,35.7
185,E09000033,Westminster,2007,5675,5205,91.7,4325,76.2,3255,57.4,2660,46.9,2295,40.4
204,E09000001,City of London,2008,2005,1275,63.6,1060,52.8,875,43.6,770,38.4,665,33.2
205,E09000002,Barking and Dagenham,2008,720,675,93.8,485,67.7,355,49.3,300,41.7,250,34.7
206,E09000003,Barnet,2008,2610,2295,87.9,1775,68,1395,53.4,1205,46.2,1030,39.5
207,E09000004,Bexley,2008,795,755,95,595,74.5,470,59.1,410,51.6,345,43.4
208,E09000005,Brent,2008,1950,1790,91.8,1385,70.9,1055,54.1,885,45.4,740,37.9
209,E09000006,Bromley,2008,1540,1445,93.8,1055,68.6,815,52.9,700,45.5,610,39.6
210,E09000007,Camden,2008,3035,2590,85.3,2060,67.9,1610,53,1340,44.2,1155,38.1
211,E09000008,Croydon,2008,1575,1445,91.7,1145,72.8,870,55.2,740,47,630,40
212,E09000009,Ealing,2008,2155,1970,91.4,1530,71.1,1175,54.5,975,45.2,830,38.5
213,E09000010,Enfield,2008,1425,1335,93.7,1040,73,775,54.2,655,45.8,545,38.1
214,E09000011,Greenwich,2008,1045,970,92.8,715,68.5,530,50.7,450,43.1,375,35.9
215,E09000012,Hackney,2008,1740,1595,91.7,1195,68.8,925,53.2,765,44,645,37.1
216,E09000013,Hammersmith and Fulham,2008,1960,1705,87,1260,64.2,960,49,790,40.3,665,33.9
217,E09000014,Haringey,2008,1425,1315,92.3,995,69.8,745,52.3,630,44.2,545,38.2
218,E09000015,Harrow,2008,1435,1325,92.3,1060,73.7,845,58.9,715,49.8,605,42.2
219,E09000016,Havering,2008,1090,1010,92.7,790,72.7,585,53.9,485,44.7,385,35.5
220,E09000017,Hillingdon,2008,1395,1290,92.5,1050,75.2,835,59.9,725,52,605,43.4
221,E09000018,Hounslow,2008,1510,1395,92.4,1110,73.5,830,55,690,45.7,575,38.1
222,E09000019,Islington,2008,1940,1700,87.6,1325,68.2,1040,53.6,855,44.1,710,36.6
223,E09000020,Kensington and Chelsea,2008,1645,1470,89.4,1155,70.2,885,53.8,755,45.9,625,38
224,E09000021,Kingston upon Thames,2008,1025,945,92.2,730,71.6,590,57.6,500,48.8,415,40.5
225,E09000022,Lambeth,2008,1855,1650,88.9,1270,68.6,935,50.4,775,41.8,645,34.8
226,E09000023,Lewisham,2008,1290,1200,93,900,70,660,51.2,545,42.2,450,34.9
227,E09000024,Merton,2008,1370,1255,91.6,1000,72.9,775,56.6,650,47.4,540,39.4
228,E09000025,Newham,2008,1180,1095,92.8,740,62.6,530,44.9,435,36.9,345,29.2
229,E09000026,Redbridge,2008,1420,1320,93,1005,70.6,735,51.8,625,44,515,36.3
230,E09000027,Richmond upon Thames,2008,1560,1445,92.6,1195,76.6,950,60.9,805,51.6,685,43.9
231,E09000028,Southwark,2008,2025,1790,88.4,1345,66.5,990,48.9,810,40,680,33.6
232,E09000029,Sutton,2008,780,715,91.7,580,74.2,460,59,400,51.3,325,41.7
233,E09000030,Tower Hamlets,2008,2045,1765,86.3,1355,66.3,1020,49.9,870,42.5,715,35
234,E09000031,Waltham Forest,2008,1095,1000,91.3,775,70.9,590,53.9,490,44.7,420,38.4
235,E09000032,Wandsworth,2008,2570,2295,89.3,1800,70,1370,53.3,1125,43.8,915,35.6
236,E09000033,Westminster,2008,6745,5440,80.7,4295,63.6,3310,49.1,2770,41.1,2340,34.7
255,E09000001,City of London,2009,1790,1290,72.1,1060,59.2,890,49.7,745,41.6,650,36.3
256,E09000002,Barking and Dagenham,2009,615,560,91.1,415,67.5,320,52,245,39.8,205,33.3
257,E09000003,Barnet,2009,2410,2065,85.7,1635,67.8,1280,53.1,1085,45,905,37.6
258,E09000004,Bexley,2009,720,675,93.8,550,76.4,455,63.2,370,51.4,315,43.8
259,E09000005,Brent,2009,1685,1540,91.4,1195,70.9,945,56.1,760,45.1,630,37.4
260,E09000006,Bromley,2009,1320,1195,90.5,975,73.9,790,59.8,650,49.2,550,41.7
261,E09000007,Camden,2009,2735,2280,83.4,1855,67.8,1490,54.5,1225,44.8,1055,38.6
262,E09000008,Croydon,2009,1400,1265,90.4,1020,72.9,820,58.6,660,47.1,550,39.3
263,E09000009,Ealing,2009,1940,1790,92.3,1400,72.2,1130,58.2,940,48.5,780,40.2
264,E09000010,Enfield,2009,1310,1185,90.5,920,70.2,730,55.7,575,43.9,490,37.4
265,E09000011,Greenwich,2009,920,860,93.5,695,75.5,545,59.2,450,48.9,375,40.8
266,E09000012,Hackney,2009,1510,1380,91.4,1120,74.2,925,61.3,765,50.7,650,43
267,E09000013,Hammersmith and Fulham,2009,1560,1395,89.4,1085,69.6,840,53.8,660,42.3,570,36.5
268,E09000014,Haringey,2009,1275,1160,91,915,71.8,715,56.1,590,46.3,505,39.6
269,E09000015,Harrow,2009,1455,1320,90.7,1050,72.2,845,58.1,700,48.1,610,41.9
270,E09000016,Havering,2009,955,890,93.2,700,73.3,565,59.2,455,47.6,370,38.7
271,E09000017,Hillingdon,2009,1230,1125,91.5,920,74.8,720,58.5,585,47.6,490,39.8
272,E09000018,Hounslow,2009,1310,1200,91.6,955,72.9,755,57.6,620,47.3,520,39.7
273,E09000019,Islington,2009,1665,1470,88.3,1175,70.6,940,56.5,775,46.5,675,40.5
274,E09000020,Kensington and Chelsea,2009,1450,1300,89.7,1035,71.4,835,57.6,690,47.6,585,40.3
275,E09000021,Kingston upon Thames,2009,905,845,93.4,710,78.5,590,65.2,455,50.3,380,42
276,E09000022,Lambeth,2009,1445,1345,93.1,1050,72.7,840,58.1,665,46,560,38.8
277,E09000023,Lewisham,2009,1030,950,92.2,740,71.8,580,56.3,475,46.1,395,38.3
278,E09000024,Merton,2009,1085,1005,92.6,810,74.7,625,57.6,495,45.6,405,37.3
279,E09000025,Newham,2009,1070,1000,93.5,755,70.6,575,53.7,450,42.1,375,35
280,E09000026,Redbridge,2009,1485,1290,86.9,1035,69.7,800,53.9,640,43.1,540,36.4
281,E09000027,Richmond upon Thames,2009,1400,1305,93.2,1075,76.8,890,63.6,740,52.9,625,44.6
282,E09000028,Southwark,2009,1690,1495,88.5,1200,71,950,56.2,775,45.9,645,38.2
283,E09000029,Sutton,2009,715,660,92.3,550,76.9,435,60.8,355,49.7,315,44.1
284,E09000030,Tower Hamlets,2009,1740,1520,87.4,1205,69.3,970,55.7,775,44.5,630,36.2
285,E09000031,Waltham Forest,2009,975,920,94.4,710,72.8,535,54.9,420,43.1,370,37.9
286,E09000032,Wandsworth,2009,2000,1865,93.3,1510,75.5,1225,61.3,960,48,815,40.8
287,E09000033,Westminster,2009,5780,4520,78.2,3610,62.5,2885,49.9,2375,41.1,2010,34.8
306,E09000001,City of London,2010,1730,1275,73.7,1085,62.7,900,52,765,44.2,680,39.3
307,E09000002,Barking and Dagenham,2010,635,560,88.2,450,70.9,335,52.8,265,41.7,230,36.2
308,E09000003,Barnet,2010,2440,1995,81.8,1625,66.6,1255,51.4,1055,43.2,895,36.7
309,E09000004,Bexley,2010,840,720,85.7,600,71.4,465,55.4,385,45.8,330,39.3
310,E09000005,Brent,2010,1630,1430,87.7,1165,71.5,890,54.6,755,46.3,650,39.9
311,E09000006,Bromley,2010,1475,1300,88.1,1120,75.9,885,60,745,50.5,650,44.1
312,E09000007,Camden,2010,2930,2375,81.1,1980,67.6,1585,54.1,1310,44.7,1130,38.6
313,E09000008,Croydon,2010,1495,1295,86.6,1080,72.2,795,53.2,660,44.1,570,38.1
314,E09000009,Ealing,2010,1715,1490,86.9,1215,70.8,940,54.8,780,45.5,675,39.4
315,E09000010,Enfield,2010,1390,1165,83.8,965,69.4,730,52.5,620,44.6,530,38.1
316,E09000011,Greenwich,2010,1060,930,87.7,765,72.2,595,56.1,490,46.2,420,39.6
317,E09000012,Hackney,2010,1570,1345,85.7,1105,70.4,870,55.4,735,46.8,640,40.8
318,E09000013,Hammersmith and Fulham,2010,1640,1380,84.1,1135,69.2,875,53.4,715,43.6,600,36.6
319,E09000014,Haringey,2010,1325,1150,86.8,940,70.9,720,54.3,620,46.8,535,40.4
320,E09000015,Harrow,2010,1470,1270,86.4,1055,71.8,835,56.8,725,49.3,625,42.5
321,E09000016,Havering,2010,890,785,88.2,645,72.5,510,57.3,430,48.3,365,41
322,E09000017,Hillingdon,2010,1190,1065,89.5,880,73.9,690,58,600,50.4,520,43.7
323,E09000018,Hounslow,2010,1415,1270,89.8,1075,76,850,60.1,710,50.2,615,43.5
324,E09000019,Islington,2010,1730,1480,85.5,1245,72,955,55.2,805,46.5,675,39
325,E09000020,Kensington and Chelsea,2010,1620,1350,83.3,1125,69.4,875,54,720,44.4,630,38.9
326,E09000021,Kingston upon Thames,2010,885,755,85.3,640,72.3,510,57.6,425,48,365,41.2
327,E09000022,Lambeth,2010,1555,1370,88.1,1155,74.3,890,57.2,760,48.9,655,42.1
328,E09000023,Lewisham,2010,985,875,88.8,700,71.1,545,55.3,455,46.2,390,39.6
329,E09000024,Merton,2010,1215,1070,88.1,895,73.7,710,58.4,595,49,510,42
330,E09000025,Newham,2010,1215,1030,84.8,800,65.8,585,48.1,480,39.5,405,33.3
331,E09000026,Redbridge,2010,1525,1315,86.2,1065,69.8,805,52.8,660,43.3,555,36.4
332,E09000027,Richmond upon Thames,2010,1400,1240,88.6,1080,77.1,865,61.8,740,52.9,640,45.7
333,E09000028,Southwark,2010,1770,1525,86.2,1270,71.8,975,55.1,810,45.8,705,39.8
334,E09000029,Sutton,2010,780,680,87.2,570,73.1,465,59.6,395,50.6,350,44.9
335,E09000030,Tower Hamlets,2010,1960,1595,81.4,1330,67.9,1030,52.6,855,43.6,715,36.5
336,E09000031,Waltham Forest,2010,1075,905,84.2,735,68.4,550,51.2,470,43.7,400,37.2
337,E09000032,Wandsworth,2010,2125,1905,89.6,1590,74.8,1245,58.6,1000,47.1,845,39.8
338,E09000033,Westminster,2010,6075,4730,77.9,3930,64.7,3160,52,2625,43.2,2245,37
357,E09000001,City of London,2011,1780,1425,80.1,1135,63.8,925,52,805,45.2,680,38.2
358,E09000002,Barking and Dagenham,2011,835,785,94,605,72.5,455,54.5,375,44.9,320,38.3
359,E09000003,Barnet,2011,2835,2580,91,2045,72.1,1635,57.7,1385,48.9,1170,41.3
360,E09000004,Bexley,2011,945,885,93.7,725,76.7,555,58.7,470,49.7,415,43.9
361,E09000005,Brent,2011,1915,1805,94.3,1415,73.9,1085,56.7,900,47,780,40.7
362,E09000006,Bromley,2011,1580,1470,93,1210,76.6,990,62.7,850,53.8,735,46.5
363,E09000007,Camden,2011,3200,2885,90.2,2285,71.4,1835,57.3,1545,48.3,1340,41.9
364,E09000008,Croydon,2011,1755,1645,93.7,1315,74.9,1055,60.1,900,51.3,775,44.2
365,E09000009,Ealing,2011,2210,2105,95.2,1695,76.7,1270,57.5,1055,47.7,905,41
366,E09000010,Enfield,2011,1530,1395,91.2,1090,71.2,865,56.5,730,47.7,630,41.2
367,E09000011,Greenwich,2011,1215,1145,94.2,890,73.3,690,56.8,575,47.3,500,41.2
368,E09000012,Hackney,2011,1970,1825,92.6,1485,75.4,1200,60.9,1005,51,850,43.1
369,E09000013,Hammersmith and Fulham,2011,1830,1695,92.6,1335,73,1025,56,845,46.2,715,39.1
370,E09000014,Haringey,2011,1570,1475,93.9,1155,73.6,915,58.3,775,49.4,660,42
371,E09000015,Harrow,2011,1605,1515,94.4,1205,75.1,950,59.2,805,50.2,695,43.3
372,E09000016,Havering,2011,1005,945,94,755,75.1,590,58.7,490,48.8,430,42.8
373,E09000017,Hillingdon,2011,1520,1445,95.1,1165,76.6,925,60.9,770,50.7,690,45.4
374,E09000018,Hounslow,2011,1885,1790,95,1430,75.9,1130,59.9,950,50.4,815,43.2
375,E09000019,Islington,2011,2180,2015,92.4,1645,75.5,1340,61.5,1105,50.7,950,43.6
376,E09000020,Kensington and Chelsea,2011,1665,1550,93.1,1235,74.2,970,58.3,815,48.9,695,41.7
377,E09000021,Kingston upon Thames,2011,985,920,93.4,780,79.2,640,65,540,54.8,470,47.7
378,E09000022,Lambeth,2011,1945,1825,93.8,1475,75.8,1150,59.1,925,47.6,805,41.4
379,E09000023,Lewisham,2011,1350,1270,94.1,985,73,765,56.7,650,48.1,570,42.2
380,E09000024,Merton,2011,1505,1425,94.7,1160,77.1,925,61.5,770,51.2,655,43.5
381,E09000025,Newham,2011,1580,1480,93.7,1120,70.9,830,52.5,675,42.7,575,36.4
382,E09000026,Redbridge,2011,1770,1670,94.4,1325,74.9,1040,58.8,875,49.4,740,41.8
383,E09000027,Richmond upon Thames,2011,1500,1420,94.7,1175,78.3,930,62,795,53,695,46.3
384,E09000028,Southwark,2011,1995,1810,90.7,1425,71.4,1115,55.9,930,46.6,810,40.6
385,E09000029,Sutton,2011,860,815,94.8,680,79.1,565,65.7,485,56.4,420,48.8
386,E09000030,Tower Hamlets,2011,2330,2180,93.6,1745,74.9,1360,58.4,1130,48.5,950,40.8
387,E09000031,Waltham Forest,2011,1385,1290,93.1,950,68.6,720,52,595,43,485,35
388,E09000032,Wandsworth,2011,2530,2415,95.5,1965,77.7,1570,62.1,1270,50.2,1085,42.9
389,E09000033,Westminster,2011,6630,5675,85.6,4570,68.9,3615,54.5,3045,45.9,2615,39.4
408,E09000001,City of London,2012,1900,1435,75.5,1190,62.6,995,52.4,855,45,720,37.9
409,E09000002,Barking and Dagenham,2012,845,790,93.5,620,73.4,475,56.2,395,46.7,335,39.6
410,E09000003,Barnet,2012,2995,2615,87.3,2090,69.8,1685,56.3,1430,47.7,1225,40.9
411,E09000004,Bexley,2012,895,830,92.7,675,75.4,530,59.2,460,51.4,395,44.1
412,E09000005,Brent,2012,1975,1810,91.6,1390,70.4,1095,55.4,920,46.6,775,39.2
413,E09000006,Bromley,2012,1670,1555,93.1,1285,76.9,1040,62.3,875,52.4,745,44.6
414,E09000007,Camden,2012,3140,2705,86.1,2175,69.3,1755,55.9,1460,46.5,1240,39.5
415,E09000008,Croydon,2012,1765,1645,93.2,1300,73.7,1030,58.4,825,46.7,695,39.4
416,E09000009,Ealing,2012,2225,2050,92.1,1635,73.5,1305,58.7,1115,50.1,945,42.5
417,E09000010,Enfield,2012,1615,1485,92,1190,73.7,955,59.1,820,50.8,705,43.7
418,E09000011,Greenwich,2012,1250,1155,92.4,890,71.2,705,56.4,585,46.8,500,40
419,E09000012,Hackney,2012,2140,1915,89.5,1580,73.8,1255,58.6,1050,49.1,930,43.5
420,E09000013,Hammersmith and Fulham,2012,1885,1700,90.2,1305,69.2,990,52.5,795,42.2,670,35.5
421,E09000014,Haringey,2012,1500,1370,91.3,1070,71.3,850,56.7,720,48,610,40.7
422,E09000015,Harrow,2012,1730,1605,92.8,1290,74.6,1035,59.8,880,50.9,750,43.4
423,E09000016,Havering,2012,1085,1015,93.5,835,77,685,63.1,580,53.5,490,45.2
424,E09000017,Hillingdon,2012,1490,1380,92.6,1110,74.5,895,60.1,780,52.3,660,44.3
425,E09000018,Hounslow,2012,1820,1650,90.7,1350,74.2,1060,58.2,900,49.5,790,43.4
426,E09000019,Islington,2012,2335,2080,89.1,1610,69,1235,52.9,1050,45,890,38.1
427,E09000020,Kensington and Chelsea,2012,1685,1505,89.3,1160,68.8,910,54,765,45.4,655,38.9
428,E09000021,Kingston upon Thames,2012,980,910,92.9,775,79.1,645,65.8,575,58.7,490,50
429,E09000022,Lambeth,2012,4255,4110,96.6,2870,67.5,1790,42.1,1440,33.8,1065,25
430,E09000023,Lewisham,2012,1415,1320,93.3,1065,75.3,835,59,710,50.2,600,42.4
431,E09000024,Merton,2012,1530,1405,91.8,1105,72.2,875,57.2,760,49.7,650,42.5
432,E09000025,Newham,2012,1575,1450,92.1,1070,67.9,820,52.1,685,43.5,580,36.8
433,E09000026,Redbridge,2012,1830,1660,90.7,1295,70.8,1025,56,860,47,730,39.9
434,E09000027,Richmond upon Thames,2012,1595,1465,91.8,1210,75.9,970,60.8,855,53.6,730,45.8
435,E09000028,Southwark,2012,1995,1780,89.2,1415,70.9,1100,55.1,920,46.1,795,39.8
436,E09000029,Sutton,2012,910,845,92.9,700,76.9,575,63.2,475,52.2,410,45.1
437,E09000030,Tower Hamlets,2012,2395,2120,88.5,1660,69.3,1285,53.7,1030,43,860,35.9
438,E09000031,Waltham Forest,2012,1385,1275,92.1,985,71.1,750,54.2,620,44.8,520,37.5
439,E09000032,Wandsworth,2012,2370,2160,91.1,1765,74.5,1365,57.6,1130,47.7,945,39.9
440,E09000033,Westminster,2012,6915,5585,80.8,4440,64.2,3515,50.8,2920,42.2,2460,35.6
459,E09000001,City of London,2013,2300,1805,78.5,1480,64.3,1240,53.9,1060,46.1,915,39.8
460,E09000002,Barking and Dagenham,2013,1185,1125,94.9,865,73,690,58.2,545,46,435,36.7
461,E09000003,Barnet,2013,3730,3420,91.7,2755,73.9,2180,58.4,1835,49.2,1535,41.2
462,E09000004,Bexley,2013,1340,1260,94,985,73.5,810,60.4,685,51.1,565,42.2
463,E09000005,Brent,2013,2515,2345,93.2,1870,74.4,1500,59.6,1275,50.7,1060,42.1
464,E09000006,Bromley,2013,2080,1975,95,1635,78.6,1365,65.6,1160,55.8,970,46.6
465,E09000007,Camden,2013,3990,3575,89.6,2935,73.6,2360,59.1,1975,49.5,1635,41
466,E09000008,Croydon,2013,2305,2165,93.9,1735,75.3,1375,59.7,1125,48.8,930,40.3
467,E09000009,Ealing,2013,3200,3035,94.8,2425,75.8,1965,61.4,1620,50.6,1330,41.6
468,E09000010,Enfield,2013,2270,2125,93.6,1685,74.2,1305,57.5,1060,46.7,855,37.7
469,E09000011,Greenwich,2013,1740,1640,94.3,1265,72.7,970,55.7,825,47.4,645,37.1
470,E09000012,Hackney,2013,2845,2670,93.8,2185,76.8,1765,62,1485,52.2,1230,43.2
471,E09000013,Hammersmith and Fulham,2013,2290,2135,93.2,1680,73.4,1335,58.3,1120,48.9,935,40.8
472,E09000014,Haringey,2013,2110,1980,93.8,1570,74.4,1270,60.2,1045,49.5,850,40.3
473,E09000015,Harrow,2013,2170,2040,94,1660,76.5,1365,62.9,1165,53.7,980,45.2
474,E09000016,Havering,2013,1460,1370,93.8,1100,75.3,890,61,730,50,595,40.8
475,E09000017,Hillingdon,2013,1925,1795,93.2,1440,74.8,1175,61,990,51.4,830,43.1
476,E09000018,Hounslow,2013,2210,2070,93.7,1685,76.2,1370,62,1180,53.4,980,44.3
477,E09000019,Islington,2013,3400,3110,91.5,2465,72.5,1935,56.9,1585,46.6,1310,38.5
478,E09000020,Kensington and Chelsea,2013,2095,1945,92.8,1560,74.5,1235,58.9,1040,49.6,875,41.8
479,E09000021,Kingston upon Thames,2013,1185,1110,93.7,910,76.8,745,62.9,610,51.5,520,43.9
480,E09000022,Lambeth,2013,5115,4930,96.4,3265,63.8,2430,47.5,1720,33.6,1070,20.9
481,E09000023,Lewisham,2013,1825,1735,95.1,1340,73.4,1000,54.8,845,46.3,705,38.6
482,E09000024,Merton,2013,1945,1840,94.6,1525,78.4,1245,64,1010,51.9,835,42.9
483,E09000025,Newham,2013,2120,1970,92.9,1485,70,1115,52.6,930,43.9,740,34.9
484,E09000026,Redbridge,2013,2435,2295,94.3,1815,74.5,1465,60.2,1210,49.7,985,40.5
485,E09000027,Richmond upon Thames,2013,1930,1830,94.8,1520,78.8,1230,63.7,1020,52.8,840,43.5
486,E09000028,Southwark,2013,2635,2420,91.8,1935,73.4,1560,59.2,1305,49.5,1070,40.6
487,E09000029,Sutton,2013,1165,1100,94.4,885,76,715,61.4,600,51.5,510,43.8
488,E09000030,Tower Hamlets,2013,3315,2970,89.6,2315,69.8,1820,54.9,1480,44.6,1180,35.6
489,E09000031,Waltham Forest,2013,1860,1735,93.3,1320,71,1070,57.5,880,47.3,705,37.9
490,E09000032,Wandsworth,2013,3180,3000,94.3,2410,75.8,1890,59.4,1560,49.1,1290,40.6
491,E09000033,Westminster,2013,7730,6610,85.5,5315,68.8,4280,55.4,3555,46,2985,38.6
510,E09000001,City of London,2014,2610,1905,73,1580,60.5,1325,50.8,1115,42.7,985,37.7
511,E09000002,Barking and Dagenham,2014,1310,1215,92.7,970,74,770,58.8,590,45,485,37
512,E09000003,Barnet,2014,3985,3510,88.1,2810,70.5,2295,57.6,1860,46.7,1590,39.9
513,E09000004,Bexley,2014,1455,1365,93.8,1145,78.7,950,65.3,745,51.2,605,41.6
514,E09000005,Brent,2014,2585,2410,93.2,1930,74.7,1530,59.2,1250,48.4,1060,41
515,E09000006,Bromley,2014,2190,2040,93.2,1710,78.1,1405,64.2,1140,52.1,985,45
516,E09000007,Camden,2014,4375,3805,87,3045,69.6,2425,55.4,1955,44.7,1715,39.2
517,E09000008,Croydon,2014,2390,2230,93.3,1850,77.4,1510,63.2,1220,51,1005,42.1
518,E09000009,Ealing,2014,3110,2880,92.6,2380,76.5,1940,62.4,1575,50.6,1340,43.1
519,E09000010,Enfield,2014,2305,2095,90.9,1670,72.5,1305,56.6,1025,44.5,890,38.6
520,E09000011,Greenwich,2014,1690,1595,94.4,1305,77.2,1060,62.7,820,48.5,670,39.6
521,E09000012,Hackney,2014,3245,2995,92.3,2485,76.6,1985,61.2,1590,49,1375,42.4
522,E09000013,Hammersmith and Fulham,2014,2380,2175,91.4,1755,73.7,1340,56.3,1085,45.6,930,39.1
523,E09000014,Haringey,2014,2190,2055,93.8,1660,75.8,1330,60.7,1050,47.9,900,41.1
524,E09000015,Harrow,2014,2390,2190,91.6,1800,75.3,1470,61.5,1220,51,1040,43.5
525,E09000016,Havering,2014,1485,1390,93.6,1160,78.1,925,62.3,750,50.5,635,42.8
526,E09000017,Hillingdon,2014,2075,1935,93.3,1600,77.1,1290,62.2,1010,48.7,845,40.7
527,E09000018,Hounslow,2014,2320,2160,93.1,1775,76.5,1455,62.7,1190,51.3,1030,44.4
528,E09000019,Islington,2014,3715,3345,90,2695,72.5,2100,56.5,1690,45.5,1420,38.2
529,E09000020,Kensington and Chelsea,2014,2165,1980,91.5,1620,74.8,1280,59.1,1055,48.7,925,42.7
530,E09000021,Kingston upon Thames,2014,1270,1185,93.3,995,78.3,790,62.2,645,50.8,555,43.7
531,E09000022,Lambeth,2014,5570,5400,96.9,4140,74.3,3270,58.7,1445,25.9,1120,20.1
532,E09000023,Lewisham,2014,1870,1745,93.3,1420,75.9,1120,59.9,895,47.9,745,39.8
533,E09000024,Merton,2014,1995,1875,94,1550,77.7,1250,62.7,990,49.6,855,42.9
534,E09000025,Newham,2014,2365,2160,91.3,1695,71.7,1330,56.2,1020,43.1,875,37
535,E09000026,Redbridge,2014,2580,2405,93.2,1915,74.2,1535,59.5,1225,47.5,1060,41.1
536,E09000027,Richmond upon Thames,2014,1985,1870,94.2,1575,79.3,1270,64,1045,52.6,880,44.3
537,E09000028,Southwark,2014,2930,2645,90.3,2170,74.1,1700,58,1385,47.3,1180,40.3
538,E09000029,Sutton,2014,1185,1120,94.5,925,78.1,790,66.7,640,54,550,46.4
539,E09000030,Tower Hamlets,2014,3460,3185,92.1,2535,73.3,1965,56.8,1560,45.1,1290,37.3
540,E09000031,Waltham Forest,2014,2100,1935,92.1,1580,75.2,1250,59.5,995,47.4,845,40.2
541,E09000032,Wandsworth,2014,3055,2880,94.3,2365,77.4,1850,60.6,1480,48.4,1225,40.1
542,E09000033,Westminster,2014,8245,6840,83,5470,66.3,4380,53.1,3565,43.2,3135,38
561,E09000001,City of London,2015,4965,3735,75.2,2995,60.3,1740,35,1425,28.7,0,0
562,E09000002,Barking and Dagenham,2015,1665,1580,94.9,1235,74.2,905,54.4,700,42,0,0
563,E09000003,Barnet,2015,4460,3640,81.6,2835,63.6,2230,50,1880,42.2,0,0
564,E09000004,Bexley,2015,1605,1510,94.1,1225,76.3,945,58.9,755,47,0,0
565,E09000005,Brent,2015,2895,2635,91,2090,72.2,1610,55.6,1355,46.8,0,0
566,E09000006,Bromley,2015,2340,2175,92.9,1785,76.3,1415,60.5,1195,51.1,0,0
567,E09000007,Camden,2015,5445,4440,81.5,3445,63.3,2655,48.8,2170,39.9,0,0
568,E09000008,Croydon,2015,2695,2490,92.4,1995,74,1555,57.7,1270,47.1,0,0
569,E09000009,Ealing,2015,3420,3175,92.8,2495,73,1970,57.6,1620,47.4,0,0
570,E09000010,Enfield,2015,2520,2295,91.1,1805,71.6,1405,55.8,1130,44.8,0,0
571,E09000011,Greenwich,2015,2260,2115,93.6,1690,74.8,1320,58.4,1080,47.8,0,0
572,E09000012,Hackney,2015,4105,3670,89.4,2870,69.9,2190,53.3,1830,44.6,0,0
573,E09000013,Hammersmith and Fulham,2015,2560,2225,86.9,1695,66.2,1265,49.4,1015,39.6,0,0
574,E09000014,Haringey,2015,2350,2155,91.7,1735,73.8,1335,56.8,1115,47.4,0,0
575,E09000015,Harrow,2015,2605,2375,91.2,1885,72.4,1460,56,1240,47.6,0,0
576,E09000016,Havering,2015,1720,1605,93.3,1275,74.1,965,56.1,790,45.9,0,0
577,E09000017,Hillingdon,2015,2310,2105,91.1,1685,72.9,1295,56.1,1095,47.4,0,0
578,E09000018,Hounslow,2015,2525,2325,92.1,1840,72.9,1430,56.6,1175,46.5,0,0
579,E09000019,Islington,2015,5470,3310,60.5,2560,46.8,1935,35.4,1615,29.5,0,0
580,E09000020,Kensington and Chelsea,2015,2355,2050,87,1585,67.3,1230,52.2,1055,44.8,0,0
581,E09000021,Kingston upon Thames,2015,1370,1235,90.1,985,71.9,780,56.9,655,47.8,0,0
582,E09000022,Lambeth,2015,3425,3210,93.7,2505,73.1,1645,48,1300,38,0,0
583,E09000023,Lewisham,2015,2045,1935,94.6,1530,74.8,1140,55.7,915,44.7,0,0
584,E09000024,Merton,2015,2225,2050,92.1,1660,74.6,1275,57.3,1065,47.9,0,0
585,E09000025,Newham,2015,2860,2665,93.2,2070,72.4,1560,54.5,1290,45.1,0,0
586,E09000026,Redbridge,2015,3150,2860,90.8,2265,71.9,1730,54.9,1410,44.8,0,0
587,E09000027,Richmond upon Thames,2015,2025,1855,91.6,1515,74.8,1230,60.7,1045,51.6,0,0
588,E09000028,Southwark,2015,3135,2765,88.2,2220,70.8,1710,54.5,1420,45.3,0,0
589,E09000029,Sutton,2015,1345,1250,92.9,1010,75.1,800,59.5,670,49.8,0,0
590,E09000030,Tower Hamlets,2015,3920,3390,86.5,2640,67.3,2015,51.4,1640,41.8,0,0
591,E09000031,Waltham Forest,2015,2490,2325,93.4,1830,73.5,1390,55.8,1145,46,0,0
592,E09000032,Wandsworth,2015,3600,3320,92.2,2530,70.3,1880,52.2,1505,41.8,0,0
593,E09000033,Westminster,2015,9060,6770,74.7,5295,58.4,4225,46.6,3610,39.8,0,0
612,E09000001,City of London,2016,4850,3845,79.3,2440,50.3,1875,38.7,0,0,0,0
613,E09000002,Barking and Dagenham,2016,1775,1680,94.6,1260,71,950,53.5,0,0,0,0
614,E09000003,Barnet,2016,4455,3805,85.4,2975,66.8,2350,52.7,0,0,0,0
615,E09000004,Bexley,2016,1640,1525,93,1165,71,910,55.5,0,0,0,0
616,E09000005,Brent,2016,3020,2775,91.9,2110,69.9,1635,54.1,0,0,0,0
617,E09000006,Bromley,2016,2420,2245,92.8,1760,72.7,1375,56.8,0,0,0,0
618,E09000007,Camden,2016,6050,5315,87.9,4230,69.9,3270,54,0,0,0,0
619,E09000008,Croydon,2016,2905,2680,92.3,2010,69.2,1545,53.2,0,0,0,0
620,E09000009,Ealing,2016,3590,3345,93.2,2590,72.1,1970,54.9,0,0,0,0
621,E09000010,Enfield,2016,2650,2430,91.7,1835,69.2,1425,53.8,0,0,0,0
622,E09000011,Greenwich,2016,2225,2070,93,1555,69.9,1170,52.6,0,0,0,0
623,E09000012,Hackney,2016,4670,4250,91,3230,69.2,2495,53.4,0,0,0,0
624,E09000013,Hammersmith and Fulham,2016,2350,2115,90,1610,68.5,1210,51.5,0,0,0,0
625,E09000014,Haringey,2016,2415,2225,92.1,1715,71,1320,54.7,0,0,0,0
626,E09000015,Harrow,2016,2710,2460,90.8,1880,69.4,1460,53.9,0,0,0,0
627,E09000016,Havering,2016,1845,1725,93.5,1345,72.9,1000,54.2,0,0,0,0
628,E09000017,Hillingdon,2016,2490,2310,92.8,1765,70.9,1320,53,0,0,0,0
629,E09000018,Hounslow,2016,2615,2395,91.6,1865,71.3,1470,56.2,0,0,0,0
630,E09000019,Islington,2016,3800,3390,89.2,2585,68,1945,51.2,0,0,0,0
631,E09000020,Kensington and Chelsea,2016,2305,2060,89.4,1625,70.5,1275,55.3,0,0,0,0
632,E09000021,Kingston upon Thames,2016,1410,1295,91.8,1040,73.8,840,59.6,0,0,0,0
633,E09000022,Lambeth,2016,3120,2940,94.2,2110,67.6,1590,51,0,0,0,0
634,E09000023,Lewisham,2016,2095,1980,94.5,1465,69.9,1105,52.7,0,0,0,0
635,E09000024,Merton,2016,2160,2015,93.3,1580,73.1,1225,56.7,0,0,0,0
636,E09000025,Newham,2016,4045,3840,94.9,3065,75.8,2415,59.7,0,0,0,0
637,E09000026,Redbridge,2016,3095,2855,92.2,2155,69.6,1660,53.6,0,0,0,0
638,E09000027,Richmond upon Thames,2016,2030,1870,92.1,1510,74.4,1205,59.4,0,0,0,0
639,E09000028,Southwark,2016,3655,3310,90.6,2245,61.4,1645,45,0,0,0,0
640,E09000029,Sutton,2016,1385,1305,94.2,1020,73.6,820,59.2,0,0,0,0
641,E09000030,Tower Hamlets,2016,3905,3485,89.2,2685,68.8,1995,51.1,0,0,0,0
642,E09000031,Waltham Forest,2016,2465,2320,94.1,1760,71.4,1360,55.2,0,0,0,0
643,E09000032,Wandsworth,2016,3535,3265,92.4,2430,68.7,1825,51.6,0,0,0,0
644,E09000033,Westminster,2016,8455,6595,78,5320,62.9,4300,50.9,0,0,0,0
663,E09000001,City of London,2017,5900,4700,79.7,2425,41.1,0,0,0,0,0,0
664,E09000002,Barking and Dagenham,2017,1400,1290,92.1,1005,71.8,0,0,0,0,0,0
665,E09000003,Barnet,2017,4280,3435,80.3,2690,62.9,0,0,0,0,0,0
666,E09000004,Bexley,2017,1415,1290,91.2,1020,72.1,0,0,0,0,0,0
667,E09000005,Brent,2017,2675,2395,89.5,1860,69.5,0,0,0,0,0,0
668,E09000006,Bromley,2017,2515,2340,93,1885,75,0,0,0,0,0,0
669,E09000007,Camden,2017,5755,4895,85.1,3895,67.7,0,0,0,0,0,0
670,E09000008,Croydon,2017,2465,2195,89,1695,68.8,0,0,0,0,0,0
671,E09000009,Ealing,2017,3120,2840,91,2255,72.3,0,0,0,0,0,0
672,E09000010,Enfield,2017,2270,1985,87.4,1550,68.3,0,0,0,0,0,0
673,E09000011,Greenwich,2017,1850,1675,90.5,1335,72.2,0,0,0,0,0,0
674,E09000012,Hackney,2017,4360,3875,88.9,3050,70,0,0,0,0,0,0
675,E09000013,Hammersmith and Fulham,2017,2090,1820,87.1,1435,68.7,0,0,0,0,0,0
676,E09000014,Haringey,2017,2150,1925,89.5,1490,69.3,0,0,0,0,0,0
677,E09000015,Harrow,2017,2420,2085,86.2,1645,68,0,0,0,0,0,0
678,E09000016,Havering,2017,1530,1375,89.9,1080,70.6,0,0,0,0,0,0
679,E09000017,Hillingdon,2017,2100,1870,89,1480,70.5,0,0,0,0,0,0
680,E09000018,Hounslow,2017,2135,1920,89.9,1500,70.3,0,0,0,0,0,0
681,E09000019,Islington,2017,3705,3245,87.6,2540,68.6,0,0,0,0,0,0
682,E09000020,Kensington and Chelsea,2017,2090,1815,86.8,1470,70.3,0,0,0,0,0,0
683,E09000021,Kingston upon Thames,2017,1275,1170,91.8,955,74.9,0,0,0,0,0,0
684,E09000022,Lambeth,2017,2570,2335,90.9,1795,69.8,0,0,0,0,0,0
685,E09000023,Lewisham,2017,1850,1695,91.6,1325,71.6,0,0,0,0,0,0
686,E09000024,Merton,2017,1915,1720,89.8,1395,72.8,0,0,0,0,0,0
687,E09000025,Newham,2017,2850,2655,93.2,1990,69.8,0,0,0,0,0,0
688,E09000026,Redbridge,2017,2680,2370,88.4,1865,69.6,0,0,0,0,0,0
689,E09000027,Richmond upon Thames,2017,1885,1700,90.2,1385,73.5,0,0,0,0,0,0
690,E09000028,Southwark,2017,2765,2405,87,1905,68.9,0,0,0,0,0,0
691,E09000029,Sutton,2017,1175,1080,91.9,880,74.9,0,0,0,0,0,0
692,E09000030,Tower Hamlets,2017,3360,2960,88.1,2340,69.6,0,0,0,0,0,0
693,E09000031,Waltham Forest,2017,2095,1940,92.6,1530,73,0,0,0,0,0,0
694,E09000032,Wandsworth,2017,3040,2725,89.6,2160,71.1,0,0,0,0,0,0
695,E09000033,Westminster,2017,8195,6425,78.4,5210,63.6,0,0,0,0,0,0
714,E09000001,City of London,2018,5225,3950,75.6,0,0,0,0,0,0,0,0
715,E09000002,Barking and Dagenham,2018,1520,1415,93.1,0,0,0,0,0,0,0,0
716,E09000003,Barnet,2018,4040,3410,84.4,0,0,0,0,0,0,0,0
717,E09000004,Bexley,2018,1300,1205,92.7,0,0,0,0,0,0,0,0
718,E09000005,Brent,2018,2885,2580,89.4,0,0,0,0,0,0,0,0
719,E09000006,Bromley,2018,2220,2025,91.2,0,0,0,0,0,0,0,0
720,E09000007,Camden,2018,6655,5610,84.3,0,0,0,0,0,0,0,0
721,E09000008,Croydon,2018,2470,2235,90.5,0,0,0,0,0,0,0,0
722,E09000009,Ealing,2018,2955,2715,91.9,0,0,0,0,0,0,0,0
723,E09000010,Enfield,2018,2365,2095,88.6,0,0,0,0,0,0,0,0
724,E09000011,Greenwich,2018,1845,1695,91.9,0,0,0,0,0,0,0,0
725,E09000012,Hackney,2018,4570,4025,88.1,0,0,0,0,0,0,0,0
726,E09000013,Hammersmith and Fulham,2018,2185,1905,87.2,0,0,0,0,0,0,0,0
727,E09000014,Haringey,2018,2265,2030,89.6,0,0,0,0,0,0,0,0
728,E09000015,Harrow,2018,2585,2255,87.2,0,0,0,0,0,0,0,0
729,E09000016,Havering,2018,1550,1410,91,0,0,0,0,0,0,0,0
730,E09000017,Hillingdon,2018,2305,2095,90.9,0,0,0,0,0,0,0,0
731,E09000018,Hounslow,2018,2085,1915,91.8,0,0,0,0,0,0,0,0
732,E09000019,Islington,2018,4260,3725,87.4,0,0,0,0,0,0,0,0
733,E09000020,Kensington and Chelsea,2018,2145,1820,84.8,0,0,0,0,0,0,0,0
734,E09000021,Kingston upon Thames,2018,1425,1315,92.3,0,0,0,0,0,0,0,0
735,E09000022,Lambeth,2018,2380,2155,90.5,0,0,0,0,0,0,0,0
736,E09000023,Lewisham,2018,1820,1695,93.1,0,0,0,0,0,0,0,0
737,E09000024,Merton,2018,1730,1575,91,0,0,0,0,0,0,0,0
738,E09000025,Newham,2018,2885,2645,91.7,0,0,0,0,0,0,0,0
739,E09000026,Redbridge,2018,2740,2440,89.1,0,0,0,0,0,0,0,0
740,E09000027,Richmond upon Thames,2018,1810,1665,92,0,0,0,0,0,0,0,0
741,E09000028,Southwark,2018,2715,2365,87.1,0,0,0,0,0,0,0,0
742,E09000029,Sutton,2018,1210,1120,92.6,0,0,0,0,0,0,0,0
743,E09000030,Tower Hamlets,2018,3470,3000,86.5,0,0,0,0,0,0,0,0
744,E09000031,Waltham Forest,2018,2360,2155,91.3,0,0,0,0,0,0,0,0
745,E09000032,Wandsworth,2018,2945,2710,92,0,0,0,0,0,0,0,0
746,E09000033,Westminster,2018,8975,6840,76.2,0,0,0,0,0,0,0,0
